sample,ASP,SER,GLU,GLY,HIS,P2 ,ARG,THR,ALA,PRO,TYR,VAL,MET,P1 ,LYS,ILE,LEU,NLEU,PHE
sample_01,0.084874184,0.025414442,0.201515674,0.068797774,0.022575359,0.040996195,0.089242602,0.032796666,0.05116884,0.047584985,0.022931982,0.053530384,0.021156353,0,0.066441576,0.039658703,0.063509656,0.030556422,0.037248204
sample_02,0.091269202,0.026385956,0.177595071,0.077764873,0.023434508,0.02431238,0.096009146,0.03420676,0.055933285,0.039967689,0.0223446,0.05844996,0.022714682,0,0.069449964,0.041703615,0.069510665,0.028249922,0.040697723
sample_03,0.088249418,0.025493904,0.176712603,0.073522709,0.022523797,0.03604041,0.092114388,0.034197979,0.057289923,0.040634073,0.026454593,0.05648456,0.020081666,0,0.062601136,0.039424703,0.065811798,0.045160105,0.037202235
sample_04,0.084028413,0.022434685,0.166174108,0.073746063,0.02425366,0.037921227,0.083352953,0.030986706,0.051108133,0.091731931,0.022098698,0.053597637,0.01949318,0,0.063749706,0.038767787,0.062327826,0.038291144,0.035936142
sample_05,0.083405743,0.024231521,0.213035885,0.066547667,0.020646779,0.026600399,0.107298114,0.033099958,0.054891969,0.036870744,0.021239927,0.054130953,0.02066222,0,0.063418834,0.038022225,0.063338354,0.035641789,0.03691692
sample_06,0.083262338,0.023190868,0.133207203,0.07500073,0.024513851,0,0.078355177,0.040859196,0.142402554,0.040678482,0.013286112,0.073121177,0.016997936,0,0.073988638,0.03953923,0.071133591,0.033481499,0.035324327
sample_07,0.094023944,0.025264832,0.144628191,0.078151174,0.03825592,0,0.054497779,0.043069878,0.076726119,0.046022938,0.049591863,0.057324795,0.022811139,0,0.074092282,0.048725031,0.060952745,0.028547205,0.055968075
sample_08,0.093507742,0.029329835,0.123137479,0.073716449,0.035135497,0,0.070479186,0.039014181,0.064088254,0.051923294,0.017359025,0.065498999,0.021171708,0,0.087529392,0.051320209,0.079695901,0.050961574,0.044684655
sample_09,0.084696948,0.024830918,0.181638236,0.073091579,0.023501477,0.043241835,0.09214904,0.033784259,0.057826585,0.041545445,0.01639001,0.057128378,0.018618132,0,0.060410965,0.03995004,0.065419389,0.044140628,0.039586371
sample_10,0.076409824,0.025015202,0.19853853,0.081000559,0.023289461,0.034536723,0.107135007,0.037020536,0.052614061,0.03949267,0.016215138,0.055255611,0.01888859,0,0.056984515,0.038692084,0.063339379,0.032210366,0.042053
sample_11,0.090337852,0.018732844,0.150002176,0.101814524,0.024294203,0,0.077663828,0.040911239,0.080663023,0.050284481,0.0123913,0.076489087,0.023797698,0.018939496,0.036124696,0.048710194,0.081929586,0.024614219,0.042299555
sample_12,0.080411608,0.022902215,0.191832838,0.07110071,0.022156426,0.076267632,0.075886024,0.035753939,0.049313359,0.042747332,0.017653573,0.052900728,0.02198338,0,0.056453072,0.038977084,0.061934476,0.042097714,0.038503067
sample_13,0.085686185,0.024799896,0.149725521,0.106852945,0.027734442,0.03514179,0.077303964,0.038804617,0.054637345,0.043720281,0.019116425,0.060661664,0.020239433,0,0.058061488,0.044702742,0.071285161,0.032261382,0.047818926
sample_14,0.100511939,0.023354992,0.093775929,0.102396403,0.024184836,0,0.079498571,0.047119895,0.088138907,0.048216667,0.013925633,0.080684679,0.018798104,0.018742591,0.045695866,0.051044123,0.084854382,0.037804267,0.041252215
sample_15,0.104272687,0.033383242,0.17181495,0.075675569,0.027916346,0.019404769,0.085088125,0.042768116,0.062002431,0.046687359,0.018911107,0.059439281,0.015427062,0,0.065143566,0.043652504,0.068492325,0.037891948,0.039710543
sample_16,0.096358952,0.03461942,0.155829792,0.087443004,0.030331259,0,0.073874989,0.049613381,0.070439314,0.047325915,0.017898825,0.067859614,0.00560324,0,0.06012728,0.057929406,0.067874618,0.028752645,0.047336697
sample_17,0.094949757,0.016804179,0.129616253,0.112408905,0.025422998,0.012096337,0.075585872,0.036091321,0.069272091,0.049856322,0.016736454,0.069205896,0.009064304,0,0.054770573,0.049963258,0.075909118,0.052992474,0.044713024
sample_18,0.09301413,0.034309202,0.157169798,0.069824033,0.025132338,0.034618966,0.080504182,0.04232958,0.057034092,0.045675204,0.019585661,0.060081667,0.016520486,0,0.067282378,0.045398777,0.072487296,0.034864493,0.043747971
sample_19,0.096199362,0.00965893,0.18190509,0.099199588,0.025555847,0.025976291,0.086569856,0.025407329,0.054967503,0.043325219,0.015754705,0.060889922,0.014558724,0,0.070255772,0.044421558,0.071034043,0.031290967,0.041033051
sample_20,0.092919012,0.035270671,0.139795842,0.082307674,0.02405585,0.047779316,0.096736413,0.043613359,0.057877396,0.040066408,0.016978023,0.056808911,0.007798374,0,0.056982431,0.04110474,0.066138498,0.052845112,0.040057213
sample_21,0.09768227,0.010631167,0.191400907,0.105039695,0.026269579,0.025046337,0.091794735,0.025797326,0.05372721,0.045117968,0.014134448,0.056864124,0.010876655,0,0.067576635,0.041514662,0.067195208,0.028859382,0.038586216
sample_22,0.094417674,0.012345916,0.14341537,0.114314757,0.026387619,0.055667491,0.084947289,0.028298305,0.059517099,0.047067594,0.014196688,0.05519032,0.008471132,0,0.057788415,0.037955757,0.06654345,0.053213461,0.038479695
sample_23,0.098731635,0.010069846,0.142641143,0.097784223,0.023818907,0,0.085056471,0.032401766,0.084985755,0.04758427,0.011871337,0.077517212,0.009819826,0.020871435,0.046773438,0.049637199,0.082125963,0.038121029,0.040188549
sample_24,0.103606939,0.034092905,0.171525765,0.077768789,0.025785093,0.021805667,0.089742485,0.04092951,0.058953913,0.043300392,0.017321253,0.056299347,0.00840297,0,0.071994149,0.042076768,0.065640019,0.031584039,0.038048735
sample_25,0.096109555,0.032870973,0.168614058,0.076152089,0.02465129,0.031289517,0.079374097,0.041114779,0.057499474,0.04103362,0.017786123,0.060990681,0.017010119,0,0.064269682,0.044383622,0.070723787,0.032551213,0.041206906
sample_26,0.094451022,0.010612097,0.157491098,0.122265769,0.02809667,0.017930679,0.085164293,0.02668468,0.056100477,0.046611579,0.01579295,0.061667896,0.012087055,0,0.067407281,0.047794709,0.072980479,0.03118631,0.043890655
sample_27,0.111493179,0.012417827,0.176040061,0.124417882,0.031517915,0.027154533,0.086569979,0.028539177,0.055267592,0.040603239,0.014104462,0.052119798,0.010473563,0,0.063404799,0.040527417,0.059533382,0.02886147,0.035307808
sample_28,0.108121853,0.012897303,0.188307655,0.103294028,0.02456345,0.027532944,0.082419258,0.028139345,0.056522941,0.041904125,0.013754656,0.056882326,0.014653337,0,0.066376154,0.040125102,0.064612593,0.030536569,0.035619241
sample_29,0.095343285,0.011679855,0.191399377,0.098414489,0.026177979,0.038187492,0.080545365,0.026641849,0.051032631,0.04386049,0.015127486,0.055270319,0.018434235,0,0.063877279,0.040924288,0.066622525,0.035350766,0.039529362
sample_30,0.11992572,0.033554933,0.188353492,0.070513055,0.026750398,0.014061821,0.07191663,0.043825754,0.061854281,0.04561198,0.015595669,0.052745004,0.009391161,0,0.057011546,0.05149146,0.05853692,0.043381558,0.035188496
sample_31,0.11952883,0.019014405,0.225408298,0.087310398,0.027869902,0.029648008,0.085022362,0.031037542,0.04915442,0.037236097,0.013598348,0.048618183,0.014369427,0,0.062664623,0.036404852,0.056027814,0.024637596,0.031433169
sample_32,0.098449949,0.017979688,0.147771799,0.07324409,0.023944064,0,0.085179186,0.035700305,0.076795739,0.082527503,0.012618905,0.068398615,0.006202247,0.013705542,0.049127308,0.046398995,0.075675733,0.048398496,0.037874401
sample_33,0.080058647,0.012208153,0.263961253,0.051029925,0.01780525,0.054808149,0.052913701,0.024541421,0.04453672,0.028006827,0.01934167,0.048935097,0.058244349,0,0.064116379,0.035202715,0.056346802,0.054971968,0.032970973
sample_34,0.060798157,0.009355119,0.413614106,0.043467154,0.014567141,0.032601517,0.069805499,0.019975221,0.033183639,0.025447267,0.015677125,0.03547182,0.029061636,0,0.054548332,0.026040267,0.03906464,0.053495733,0.023825628
sample_35,0.091853312,0.027356873,0.173975206,0.050863736,0.021900803,0,0.038921279,0.039232218,0.087216251,0.046086161,0.026273154,0.062365031,0.061343112,0,0.068993915,0.053616733,0.07041498,0.029699668,0.04224207
sample_36,0.09038786,0.025500664,0.165930878,0.044834853,0.019133994,0,0.032170653,0.04095502,0.123328605,0.036314418,0.025949204,0.0668526,0.038502661,0,0.071146424,0.057766943,0.073576804,0.043518763,0.044129656
sample_37,0.09607954,0.02665727,0.172145387,0.046020192,0.021968909,0,0.032991954,0.034336204,0.102755885,0.038295912,0.033818902,0.061629361,0.035539011,0,0.072183747,0.05621222,0.089190776,0.038676867,0.041497859
sample_38,0.094282595,0.027641882,0.157530461,0.046312367,0.023525054,0,0.036291055,0.04245997,0.09992929,0.034854568,0.027827668,0.069322861,0.044445938,0,0.077973268,0.060980397,0.078642529,0.033581598,0.0443985
sample_39,0.101811039,0.035290148,0.129802891,0.064998473,0.025372819,0,0.04488212,0.05518856,0.094449577,0.043175814,0.021472114,0.080627839,0.03736925,0.020198313,0.053361732,0.04698023,0.084469493,0.021154262,0.039395325
